"New user registered","2023-05-19 00:05:50"
"Printed list of users","2023-05-19 23:03:36"
"New user registered","2023-05-19 23:03:43"
"Printed list of users","2023-05-19 23:05:17"
"New user registered","2023-05-19 23:05:24"
"Printed list of users","2023-05-19 23:10:57"
"New user registered","2023-05-19 23:11:05"
"Printed list of users","2023-05-19 23:13:41"
"New user registered","2023-05-19 23:13:46"
"Printed list of users","2023-05-19 23:21:15"
"New user registered","2023-05-19 23:21:19"
"Printed list of users","2023-05-19 23:23:10"
"New user registered","2023-05-19 23:23:21"
"Printed list of users","2023-05-19 23:28:02"
"New user registered","2023-05-19 23:28:07"
"Printed list of users","2023-05-19 23:31:14"
"New user registered","2023-05-19 23:31:18"
"Printed list of users","2023-05-19 23:33:26"
"New user registered","2023-05-19 23:33:36"
"Printed list of users","2023-05-19 23:34:10"
"New user registered","2023-05-19 23:34:15"
"Printed list of users","2023-05-19 23:35:27"
"New user registered","2023-05-19 23:35:32"
"Printed list of users","2023-05-19 23:36:31"
"New user registered","2023-05-19 23:36:36"
"Printed list of users","2023-05-19 23:38:17"
"New user registered","2023-05-19 23:38:21"
"Printed list of users","2023-05-24 16:08:14"
"New user registered","2023-05-24 16:08:19"
"Printed list of users","2023-05-24 17:31:55"
"New user registered","2023-05-24 17:32:01"
